Model,Forward,Backward,Total
ZenithHierarchicalAE,0.0152685,0.0645087,0.0797772
Zenith-SLM,0.0128354,0.0644197,0.0772551
ConvBaselineAE,0.958171,4.39575,5.35392
