Channels,Time_Zenith,Time_Conv,Speedup
8,0.00248752,0.0107276,4.31257
16,0.00221137,0.0236249,10.6834
32,0.00353331,0.035931,10.1692
64,0.0047702,0.110804,23.2283
128,0.0108366,0.371901,34.319
