Step,ZenithLoss,ConvLoss
0,4.20605,0.374803
1,1.96529,0.627093
2,1.55407,3.08132
3,1.70109,0.499452
4,1.59845,0.17838
5,1.59141,1.73744
6,2.16227,0.995549
7,1.30808,1.3135
8,1.46817,1.08471
9,1.28398,0.659515
10,1.23978,0.59835
11,1.40948,0.449255
12,1.12825,0.539067
13,1.11173,0.336065
14,1.11302,1.39911
15,1.43655,0.786065
16,1.37082,0.495233
17,1.08287,0.155225
18,1.89173,0.483644
19,1.3442,0.745748
