Channels,Time_Zenith,Time_Conv,Speedup
8,0.00855595,0.00548694,0.641301
16,0.0141883,0.0119812,0.844439
32,0.0304188,0.0318768,1.04793
64,0.0575177,0.101284,1.76092
128,0.112502,0.355319,3.15834
