Model,Forward,Backward,Total
ZenithHierarchicalAE,0.0093761,0.0557217,0.0650978
Zenith-SLM,0.0100913,0.0548384,0.0649297
ConvBaselineAE,0.995545,4.82627,5.82181
