Channels,Time_Zenith,Time_Conv,Speedup
8,0.0046474,0.00882732,1.89941
16,0.0050994,0.0190923,3.74403
32,0.00649649,0.0475794,7.32386
64,0.00914183,0.131253,14.3574
128,0.0136684,0.410167,30.0084
