Channels,Time_Zenith,Time_Conv,Speedup
8,0.0134388,0.006486,0.482634
16,0.0160206,0.0127741,0.797353
32,0.0333965,0.0375031,1.12297
64,0.0648307,0.110083,1.69801
128,0.126969,0.382047,3.00898
