Model,Forward,Backward,Total
ZenithHierarchicalAE,0.0102942,0.0600337,0.070328
Zenith-SLM,0.0143515,0.0682866,0.0826381
ConvBaselineAE,0.945328,4.27639,5.22172
