Dim,Time_Std,Time_DSL
512,0.672208,0.625886
1024,2.42054,0.681668
2048,9.99158,1.2567
4096,46.864,2.39941
