Dim,Time_Std,Time_DSL
512,0.31362,0.298405
1024,1.23312,0.344795
2048,5.42626,0.61731
4096,21.8452,1.09117
